{"properties": [
  {
    "name": "telemetry_env",
    "type": "java.lang.String",
    "description": "A description for 'telemetry_env'"
  },
  {
    "name": "telemetry_actor_type",
    "type": "java.lang.String",
    "description": "A description for 'telemetry_actor_type'"
  },
  {
    "name": "telemetry_actor_id",
    "type": "java.lang.String",
    "description": "A description for 'telemetry_actor_id'"
  },
  {
    "name": "telemetry_log_type",
    "type": "java.lang.String",
    "description": "A description for 'telemetry_log_type'"
  },
  {
    "name": "extendedlogging",
    "type": "java.lang.String",
    "description": "A description for 'extendedlogging'"
  },
  {
    "name": "url.baselocationbycountrycode",
    "type": "java.lang.String",
    "description": "A description for 'url.baselocationbycountrycode'"
  },
  {
    "name": "url.all",
    "type": "java.lang.String",
    "description": "A description for 'url.all'"
  },
  {
    "name": "url.initiatedbyme",
    "type": "java.lang.String",
    "description": "A description for 'url.initiatedbyme'"
  },
  {
    "name": "url.initiatedbygrb",
    "type": "java.lang.String",
    "description": "A description for 'url.initiatedbygrb'"
  },
  {
    "name": "url.cocomplainant",
    "type": "java.lang.String",
    "description": "A description for 'url.cocomplainant'"
  },
  {
    "name": "url.cocomplainant.response.accept",
    "type": "java.lang.String",
    "description": "A description for 'url.cocomplainant.response.accept'"
  },
  {
    "name": "url.cocomplainant.response.reject",
    "type": "java.lang.String",
    "description": "A description for 'url.cocomplainant.response.reject'"
  },
  {
    "name": "url.submitcase",
    "type": "java.lang.String",
    "description": "A description for 'url.submitcase'"
  },
  {
    "name": "url.uploadevidence",
    "type": "java.lang.String",
    "description": "A description for 'url.uploadevidence'"
  },
  {
    "name": "url.employeesearch",
    "type": "java.lang.String",
    "description": "A description for 'url.employeesearch'"
  },
  {
    "name": "url.download",
    "type": "java.lang.String",
    "description": "A description for 'url.download'"
  },
  {
    "name": "url.addevidence",
    "type": "java.lang.String",
    "description": "A description for 'url.addevidence'"
  },
  {
    "name": "url.cocomplainantnew.response.accept",
    "type": "java.lang.String",
    "description": "A description for 'url.cocomplainantnew.response.accept'"
  },
  {
    "name": "url.cocomplainantnew.response.reject",
    "type": "java.lang.String",
    "description": "A description for 'url.cocomplainantnew.response.reject'"
  },
  {
    "name": "url.employeesearchnew",
    "type": "java.lang.String",
    "description": "A description for 'url.employeesearchnew'"
  },
  {
    "name": "url.baselocationbycountrycodenew",
    "type": "java.lang.String",
    "description": "A description for 'url.baselocationbycountrycodenew'"
  },
  {
    "name": "url.mobile.all",
    "type": "java.lang.String",
    "description": "A description for 'url.mobile.all'"
  },
  {
    "name": "url.submitcasenew",
    "type": "java.lang.String",
    "description": "A description for 'url.submitcasenew'"
  },
  {
    "name": "url.mobile.initiatedbyme",
    "type": "java.lang.String",
    "description": "A description for 'url.mobile.initiatedbyme'"
  },
  {
    "name": "url.mobile.initiatedbygrb",
    "type": "java.lang.String",
    "description": "A description for 'url.mobile.initiatedbygrb'"
  },
  {
    "name": "url.mobile.cocomplainant",
    "type": "java.lang.String",
    "description": "A description for 'url.mobile.cocomplainant'"
  },
  {
    "name": "filevalidation.regex",
    "type": "java.lang.String",
    "description": "A description for 'filevalidation.regex'"
  },
  {
    "name": "filevalidation.types",
    "type": "java.lang.String",
    "description": "A description for 'filevalidation.types'"
  },
  {
    "name": "url.dmsdownload",
    "type": "java.lang.String",
    "description": "A description for 'url.dmsdownload'"
  },
  {
    "name": "url.dmsupload",
    "type": "java.lang.String",
    "description": "A description for 'url.dmsupload'"
  },
  {
    "name": "dms.appname",
    "type": "java.lang.String",
    "description": "A description for 'dms.appname'"
  },
  {
    "name": "dms.appid",
    "type": "java.lang.String",
    "description": "A description for 'dms.appid'"
  },
  {
    "name": "dms.docpath",
    "type": "java.lang.String",
    "description": "A description for 'dms.docpath'"
  },
  {
    "name": "dms.storageurl",
    "type": "java.lang.String",
    "description": "A description for 'dms.storageurl'"
  },
  {
    "name": "tempstoragepath",
    "type": "java.lang.String",
    "description": "A description for 'tempstoragepath'"
  },
  {
    "name": "dms.officialdocpath",
    "type": "java.lang.String",
    "description": "A description for 'dms.officialdocpath'"
  },
  {
    "name": "dms.folder.casedoc",
    "type": "java.lang.String",
    "description": "A description for 'dms.folder.casedoc'"
  },
  {
    "name": "url.filevalidation",
    "type": "java.lang.String",
    "description": "A description for 'url.filevalidation'"
  },
  {
    "name": "url.cams.context",
    "type": "java.lang.String",
    "description": "A description for 'url.cams.context'"
  },
  {
    "name": "url.cams.roles",
    "type": "java.lang.String",
    "description": "A description for 'url.cams.roles'"
  },
  {
    "name": "cams.appcode",
    "type": "java.lang.String",
    "description": "A description for 'cams.appcode'"
  },
  {
    "name": "cams.rolecode",
    "type": "java.lang.String",
    "description": "A description for 'cams.rolecode'"
  },
  {
    "name": "url.dp.status",
    "type": "java.lang.String",
    "description": "A description for 'url.dp.status'"
  },
  {
    "name": "url.dp.content",
    "type": "java.lang.String",
    "description": "A description for 'url.dp.content'"
  },
  {
    "name": "url.dp.updatestatus",
    "type": "java.lang.String",
    "description": "A description for 'url.dp.updatestatus'"
  },
  {
    "name": "hear.dp.parentid",
    "type": "java.lang.String",
    "description": "A description for 'hear.dp.parentid'"
  },
  {
    "name": "hear.dp.childid",
    "type": "java.lang.String",
    "description": "A description for 'hear.dp.childid'"
  },
  {
    "name": "ashi.dp.parentid",
    "type": "java.lang.String",
    "description": "A description for 'ashi.dp.parentid'"
  },
  {
    "name": "ashi.dp.childid",
    "type": "java.lang.String",
    "description": "A description for 'ashi.dp.childid'"
  },
  {
    "name": "url.mailerassist",
    "type": "java.lang.String",
    "description": "A description for 'url.mailerassist'"
  },
  {
    "name": "url.hear",
    "type": "java.lang.String",
    "description": "A description for 'url.hear'"
  },
  {
    "name": "url.ashi",
    "type": "java.lang.String",
    "description": "A description for 'url.ashi'"
  },
  {
    "name": "infydomain",
    "type": "java.lang.String",
    "description": "A description for 'infydomain'"
  },
  {
    "name": "hear.fromid",
    "type": "java.lang.String",
    "description": "A description for 'hear.fromid'"
  },
  {
    "name": "ashi.fromid",
    "type": "java.lang.String",
    "description": "A description for 'ashi.fromid'"
  },
  {
    "name": "ashi.grbid",
    "type": "java.lang.String",
    "description": "A description for 'ashi.grbid'"
  },
  {
    "name": "mailer.hear.appcode",
    "type": "java.lang.String",
    "description": "A description for 'mailer.hear.appcode'"
  },
  {
    "name": "mailer.hear.eventid",
    "type": "java.lang.String",
    "description": "A description for 'mailer.hear.eventid'"
  },
  {
    "name": "mailer.ashi.appcode",
    "type": "java.lang.String",
    "description": "A description for 'mailer.ashi.appcode'"
  },
  {
    "name": "mailer.ashi.eventid.fyi",
    "type": "java.lang.String",
    "description": "A description for 'mailer.ashi.eventid.fyi'"
  },
  {
    "name": "mailer.ashi.eventid.fya",
    "type": "java.lang.String",
    "description": "A description for 'mailer.ashi.eventid.fya'"
  },
  {
    "name": "mailer.templateid.fyi",
    "type": "java.lang.String",
    "description": "A description for 'mailer.templateid.fyi'"
  },
  {
    "name": "mailer.templateid.fya",
    "type": "java.lang.String",
    "description": "A description for 'mailer.templateid.fya'"
  },
  {
    "name": "dms.folder.preliminarydiscussion",
    "type": "java.lang.String",
    "description": "A description for 'dms.folder.preliminarydiscussion'"
  },
  {
    "name": "dms.folder.interimrelief",
    "type": "java.lang.String",
    "description": "A description for 'dms.folder.interimrelief'"
  },
  {
    "name": "dms.folder.investigation",
    "type": "java.lang.String",
    "description": "A description for 'dms.folder.investigation'"
  },
  {
    "name": "url.admin.ashi.cams.context",
    "type": "java.lang.String",
    "description": "A description for 'url.admin.ashi.cams.context'"
  },
  {
    "name": "url.admin.ashi.cams.contextmembers",
    "type": "java.lang.String",
    "description": "A description for 'url.admin.ashi.cams.contextmembers'"
  },
  {
    "name": "url.admin.ashi.inbox.genmodelfiltered",
    "type": "java.lang.String",
    "description": "A description for 'url.admin.ashi.inbox.genmodelfiltered'"
  },
  {
    "name": "url.admin.ashi.inbox.inlinefiltered",
    "type": "java.lang.String",
    "description": "A description for 'url.admin.ashi.inbox.inlinefiltered'"
  },
  {
    "name": "url.admin.ashi.inbox.inlinefilter.genmodel",
    "type": "java.lang.String",
    "description": "A description for 'url.admin.ashi.inbox.inlinefilter.genmodel'"
  },
  {
    "name": "url.downloadall",
    "type": "java.lang.String",
    "description": "A description for 'url.downloadall'"
  },
  {
    "name": "url.admin.ashi.casesummary.location.genmodel",
    "type": "java.lang.String",
    "description": "A description for 'url.admin.ashi.casesummary.location.genmodel'"
  },
  {
    "name": "url.admin.ashi.casesummary.location.update",
    "type": "java.lang.String",
    "description": "A description for 'url.admin.ashi.casesummary.location.update'"
  },
  {
    "name": "url.admin.ashi.casesummary.employeelabel",
    "type": "java.lang.String",
    "description": "A description for 'url.admin.ashi.casesummary.employeelabel'"
  },
  {
    "name": "url.admin.ashi.casesummary.removeemployee",
    "type": "java.lang.String",
    "description": "A description for 'url.admin.ashi.casesummary.removeemployee'"
  },
  {
    "name": "url.admin.ashi.casesummary.addemployee",
    "type": "java.lang.String",
    "description": "A description for 'url.admin.ashi.casesummary.addemployee'"
  },
  {
    "name": "url.admin.ashi.casesummary.addpreliminarydiscussion",
    "type": "java.lang.String",
    "description": "A description for 'url.admin.ashi.casesummary.addpreliminarydiscussion'"
  },
  {
    "name": "url.admin.ashi.updatecasestatus",
    "type": "java.lang.String",
    "description": "A description for 'url.admin.ashi.updatecasestatus'"
  },
  {
    "name": "url.admin.ashi.assigncase",
    "type": "java.lang.String",
    "description": "A description for 'url.admin.ashi.assigncase'"
  },
  {
    "name": "url.admin.ashi.investigation.typegenmodel",
    "type": "java.lang.String",
    "description": "A description for 'url.admin.ashi.investigation.typegenmodel'"
  },
  {
    "name": "url.admin.ashi.investigation.choosetype",
    "type": "java.lang.String",
    "description": "A description for 'url.admin.ashi.investigation.choosetype'"
  },
  {
    "name": "url.admin.ashi.investigation.seekinputs",
    "type": "java.lang.String",
    "description": "A description for 'url.admin.ashi.investigation.seekinputs'"
  },
  {
    "name": "url.admin.ashi.investigation.sendfirtcontactmails",
    "type": "java.lang.String",
    "description": "A description for 'url.admin.ashi.investigation.sendfirtcontactmails'"
  },
  {
    "name": "url.admin.ashi.investigation.inputfromcomplainants",
    "type": "java.lang.String",
    "description": "A description for 'url.admin.ashi.investigation.inputfromcomplainants'"
  },
  {
    "name": "url.admin.ashi.investigation.firstcontactmail.cardview",
    "type": "java.lang.String",
    "description": "A description for 'url.admin.ashi.investigation.firstcontactmail.cardview'"
  },
  {
    "name": "url.admin.ashi.investigation.firstcontactmail.genmodel",
    "type": "java.lang.String",
    "description": "A description for 'url.admin.ashi.investigation.firstcontactmail.genmodel'"
  },
  {
    "name": "url.admin.ashi.investigation.interimrelief.labelview",
    "type": "java.lang.String",
    "description": "A description for 'url.admin.ashi.investigation.interimrelief.labelview'"
  },
  {
    "name": "url.admin.ashi.investigation.interimrelief.genmodel",
    "type": "java.lang.String",
    "description": "A description for 'url.admin.ashi.investigation.interimrelief.genmodel'"
  },
  {
    "name": "url.admin.ashi.investigation.interimrelief.submit",
    "type": "java.lang.String",
    "description": "A description for 'url.admin.ashi.investigation.interimrelief.submit'"
  },
  {
    "name": "url.admin.ashi.investigation.interimrelief.action",
    "type": "java.lang.String",
    "description": "A description for 'url.admin.ashi.investigation.interimrelief.action'"
  },
  {
    "name": "url.admin.ashi.investigation.conciliation.labelview",
    "type": "java.lang.String",
    "description": "A description for 'url.admin.ashi.investigation.conciliation.labelview'"
  },
  {
    "name": "url.admin.ashi.investigation.conciliation.genmodel",
    "type": "java.lang.String",
    "description": "A description for 'url.admin.ashi.investigation.conciliation.genmodel'"
  },
  {
    "name": "url.admin.ashi.investigation.conciliation.submitreport",
    "type": "java.lang.String",
    "description": "A description for 'url.admin.ashi.investigation.conciliation.submitreport'"
  },
  {
    "name": "url.admin.ashi.investigation.conciliation.initiate",
    "type": "java.lang.String",
    "description": "A description for 'url.admin.ashi.investigation.conciliation.initiate'"
  },
  {
    "name": "url.admin.ashi.movecasegenmodel",
    "type": "java.lang.String",
    "description": "A description for 'url.admin.ashi.movecasegenmodel'"
  },
  {
    "name": "url.admin.ashi.movecase",
    "type": "java.lang.String",
    "description": "A description for 'url.admin.ashi.movecase'"
  },
  {
    "name": "url.admin.ashi.investigation.commentlabel",
    "type": "java.lang.String",
    "description": "A description for 'url.admin.ashi.investigation.commentlabel'"
  },
  {
    "name": "url.admin.ashi.investigation.recommendedactions",
    "type": "java.lang.String",
    "description": "A description for 'url.admin.ashi.investigation.recommendedactions'"
  },
  {
    "name": "url.admin.ashi.investigation.issuesummons",
    "type": "java.lang.String",
    "description": "A description for 'url.admin.ashi.investigation.issuesummons'"
  },
  {
    "name": "url.admin.ashi.investigation.summon.cardview",
    "type": "java.lang.String",
    "description": "A description for 'url.admin.ashi.investigation.summon.cardview'"
  },
  {
    "name": "url.admin.ashi.investigation.summon.genmodel",
    "type": "java.lang.String",
    "description": "A description for 'url.admin.ashi.investigation.summon.genmodel'"
  },
  {
    "name": "url.admin.ashi.caseemployees",
    "type": "java.lang.String",
    "description": "A description for 'url.admin.ashi.caseemployees'"
  },
  {
    "name": "url.admin.ashi.investigation.finding.search",
    "type": "java.lang.String",
    "description": "A description for 'url.admin.ashi.investigation.finding.search'"
  },
  {
    "name": "url.admin.ashi.investigation.finding.delete",
    "type": "java.lang.String",
    "description": "A description for 'url.admin.ashi.investigation.finding.delete'"
  },
  {
    "name": "url.admin.ashi.investigation.finding.addorupdate",
    "type": "java.lang.String",
    "description": "A description for 'url.admin.ashi.investigation.finding.addorupdate'"
  },
  {
    "name": "url.admin.ashi.investigation.recommendation.delete",
    "type": "java.lang.String",
    "description": "A description for 'url.admin.ashi.investigation.recommendation.delete'"
  },
  {
    "name": "url.admin.ashi.investigation.recommendation.addorupdate",
    "type": "java.lang.String",
    "description": "A description for 'url.admin.ashi.investigation.recommendation.addorupdate'"
  },
  {
    "name": "url.admin.ashi.investigation.uploadapprovals",
    "type": "java.lang.String",
    "description": "A description for 'url.admin.ashi.investigation.uploadapprovals'"
  },
  {
    "name": "url.admin.ashi.investigation.formalreport.save",
    "type": "java.lang.String",
    "description": "A description for 'url.admin.ashi.investigation.formalreport.save'"
  },
  {
    "name": "url.admin.ashi.downloadtemplate",
    "type": "java.lang.String",
    "description": "A description for 'url.admin.ashi.downloadtemplate'"
  },
  {
    "name": "url.admin.ashi.investigation.finding.genmodel",
    "type": "java.lang.String",
    "description": "A description for 'url.admin.ashi.investigation.finding.genmodel'"
  },
  {
    "name": "url.admin.ashi.investigation.recommendation.cards",
    "type": "java.lang.String",
    "description": "A description for 'url.admin.ashi.investigation.recommendation.cards'"
  },
  {
    "name": "url.admin.ashi.investigation.formalreportdetails",
    "type": "java.lang.String",
    "description": "A description for 'url.admin.ashi.investigation.formalreportdetails'"
  },
  {
    "name": "url.admin.ashi.slaextension.action",
    "type": "java.lang.String",
    "description": "A description for 'url.admin.ashi.slaextension.action'"
  },
  {
    "name": "url.admin.ashi.investigation.formalreport.details",
    "type": "java.lang.String",
    "description": "A description for 'url.admin.ashi.investigation.formalreport.details'"
  },
  {
    "name": "url.admin.ashi.sendfindings",
    "type": "java.lang.String",
    "description": "A description for 'url.admin.ashi.sendfindings'"
  },
  {
    "name": "url.admin.ashi.consolidatedfindings",
    "type": "java.lang.String",
    "description": "A description for 'url.admin.ashi.consolidatedfindings'"
  },
  {
    "name": "url.consent.response.reject",
    "type": "java.lang.String",
    "description": "A description for 'url.consent.response.reject'"
  },
  {
    "name": "url.consent.response.accept",
    "type": "java.lang.String",
    "description": "A description for 'url.consent.response.accept'"
  },
  {
    "name": "url.admin.ashi.investigation.recommendation.card",
    "type": "java.lang.String",
    "description": "A description for 'url.admin.ashi.investigation.recommendation.card'"
  },
  {
    "name": "url.admin.ashi.investigation.formal.checklist.genmodel",
    "type": "java.lang.String",
    "description": "A description for 'url.admin.ashi.investigation.formal.checklist.genmodel'"
  },
  {
    "name": "url.admin.ashi.investigation.formal.checklist.label",
    "type": "java.lang.String",
    "description": "A description for 'url.admin.ashi.investigation.formal.checklist.label'"
  },
  {
    "name": "url.dmsdelete",
    "type": "java.lang.String",
    "description": "A description for 'url.dmsdelete'"
  },
  {
    "name": "url.admin.ashi.casesummary.preliminarydiscussioncards",
    "type": "java.lang.String",
    "description": "A description for 'url.admin.ashi.casesummary.preliminarydiscussioncards'"
  },
  {
    "name": "flgTriggerMail",
    "type": "java.lang.String",
    "description": "A description for 'flgTriggerMail'"
  },
  {
    "name": "flgTriggerMail",
    "type": "java.lang.String",
    "description": "A description for 'flgTriggerMail'"
  },
  {
    "name": "flgTriggerMail",
    "type": "java.lang.String",
    "description": "A description for 'flgTriggerMail'"
  },
  {
    "name": "flgtriggermail",
    "type": "java.lang.String",
    "description": "A description for 'flgtriggermail'"
  },
  {
    "name": "url.admin.ashi.sendfindingsgenmodel",
    "type": "java.lang.String",
    "description": "A description for 'url.admin.ashi.sendfindingsgenmodel'"
  },
  {
    "name": "url.admin.ashi.casesummary.notify",
    "type": "java.lang.String",
    "description": "A description for 'url.admin.ashi.casesummary.notify'"
  },
  {
    "name": "flgtestmail",
    "type": "java.lang.String",
    "description": "A description for 'flgtestmail'"
  },
  {
    "name": "testtoid",
    "type": "java.lang.String",
    "description": "A description for 'testtoid'"
  },
  {
    "name": "url.admin.ashi.investigation.formal.checklist.save",
    "type": "java.lang.String",
    "description": "A description for 'url.admin.ashi.investigation.formal.checklist.save'"
  },
  {
    "name": "telemetry.context.pdata.id",
    "type": "java.lang.String",
    "description": "A description for 'telemetry.context.pdata.id'"
  },
  {
    "name": "telemetry.context.pdata.pid",
    "type": "java.lang.String",
    "description": "A description for 'telemetry.context.pdata.pid'"
  },
  {
    "name": "telemetry.context.pdata.version",
    "type": "java.lang.String",
    "description": "A description for 'telemetry.context.pdata.version'"
  },
  {
    "name": "url.admin.ashi.communication.reply",
    "type": "java.lang.String",
    "description": "A description for 'url.admin.ashi.communication.reply'"
  },
  {
    "name": "url.communication.reply",
    "type": "java.lang.String",
    "description": "A description for 'url.communication.reply'"
  },
  {
    "name": "url.admin.ashi.genmodeloptions",
    "type": "java.lang.String",
    "description": "A description for 'url.admin.ashi.genmodeloptions'"
  },
  {
    "name": "mailer.ashi.eventid.fya2",
    "type": "java.lang.String",
    "description": "A description for 'mailer.ashi.eventid.fya2'"
  },
  {
    "name": "mailer.templateid.fya2",
    "type": "java.lang.String",
    "description": "A description for 'mailer.templateid.fya2'"
  },
  {
    "name": "mailer.ashi.eventid.fyaa.transactionname",
    "type": "java.lang.String",
    "description": "A description for 'mailer.ashi.eventid.fyaa.transactionname'"
  },
  {
    "name": "url.cams.usercontext",
    "type": "java.lang.String",
    "description": "A description for 'url.cams.usercontext'"
  },
  {
    "name": "disc.fromid",
    "type": "java.lang.String",
    "description": "A description for 'disc.fromid'"
  },
  {
    "name": "mailer.disc.appcode",
    "type": "java.lang.String",
    "description": "A description for 'mailer.disc.appcode'"
  },
  {
    "name": "mailer.disc.eventid",
    "type": "java.lang.String",
    "description": "A description for 'mailer.disc.eventid'"
  },
  {
    "name": "url.disc",
    "type": "java.lang.String",
    "description": "A description for 'url.disc'"
  },
  {
    "name": "url.admin.ashi.investigation.chargesheet.save",
    "type": "java.lang.String",
    "description": "A description for 'url.admin.ashi.investigation.chargesheet.save'"
  }
]}